time,value
63616,1.28959
63617,1.2894
63618,1.2894
63619,1.28962
63620,1.28945
63621,1.2894
63622,1.28954
63623,1.28976
63624,1.2897
63625,1.28975
63626,1.29014
63627,1.2908
63628,1.29084
63629,1.29087
63630,1.29069
63631,1.29078
63632,1.28934
63633,1.28887
63634,1.2896
63635,1.29002
63636,1.29015
63637,1.28707
63638,1.2866
63639,1.28714
63640,1.28698
63641,1.28682
63642,1.2868
63643,1.28645
63644,1.28632
63645,1.28656
63646,1.28624
63647,1.28629
63648,1.28706
63649,1.28692
63650,1.28676
63651,1.28758
63652,1.28747
63653,1.28744
63654,1.28853
63655,1.28804
63656,1.28759
63657,1.28814
63658,1.28825
63659,1.28779
63660,1.28748
63661,1.28854
63662,1.28836
63663,1.28832
63664,1.28892
63665,1.28879
63666,1.28857
63667,1.28856
63668,1.28542
63669,1.28536
63670,1.285
63671,1.2859
63672,1.28592
63673,1.28826
63674,1.28864
63675,1.28899
63676,1.28899
63677,1.28933
63678,1.28945
63679,1.28939
63680,1.28831
63681,1.28843
63682,1.28878
63683,1.28907
63684,1.28947
63685,1.28963
63686,1.29008
63687,1.29018
63688,1.29009
63689,1.29027
63690,1.2904
63691,1.29078
63692,1.29085
63693,1.29091
63694,1.29044
63695,1.29071
63696,1.29072
63697,1.29065
63698,1.29074
63699,1.29061
63700,1.29032
63701,1.28991
63702,1.29013
63703,1.29006
63704,1.28975
63705,1.29
63706,1.29044
63707,1.29051
63708,1.29041
63709,1.29028
63710,1.2903
63711,1.29051
63712,1.29105
63713,1.29151
63714,1.29139
63715,1.29184
63716,1.29142
63717,1.29133
63718,1.29145
63719,1.29053
63720,1.29107
63721,1.29141
63722,1.29113
63723,1.29189
63724,1.29247
63725,1.29215
63726,1.28935
63727,1.28899
63728,1.28927
63729,1.28964
63730,1.28908
63731,1.28972
63732,1.28978
63733,1.28952
63734,1.28924
63735,1.28947
63736,1.28964
63737,1.29033
63738,1.29063
63739,1.29008
63740,1.29027
63741,1.29064
63742,1.29032
63743,1.29078
63744,1.29118
63745,1.29085
63746,1.2912
63747,1.29103
63748,1.29118
63749,1.29202
63750,1.29176
63751,1.29184
63752,1.29222
63753,1.29238
63754,1.29212
63755,1.29247
63756,1.2919
63757,1.29186
63758,1.2918
63759,1.29146
63760,1.29258
63761,1.29298
63762,1.29279
63763,1.29261
63764,1.29292
63765,1.29271
63766,1.29266
63767,1.29318
63768,1.29326
63769,1.29262
63770,1.29286
63771,1.29315
63772,1.29321
63773,1.29307
63774,1.29335
63775,1.29349
63776,1.29352
63777,1.29291
63778,1.29375
63779,1.29428
63780,1.2939
63781,1.29242
63782,1.29179
63783,1.2922
63784,1.29197
63785,1.29149
63786,1.29191
63787,1.29151
63788,1.29117
63789,1.29126
63790,1.29185
63791,1.29182
63792,1.29184
63793,1.29186
63794,1.29172
63795,1.29171
63796,1.29185
63797,1.29207
63798,1.29211
63799,1.2923
63800,1.29243
63801,1.29241
63802,1.29248
63803,1.2928
63804,1.29237
63805,1.29241
63806,1.29214
63807,1.29225
63808,1.29237
63809,1.29239
63810,1.29263
63811,1.29286
63812,1.29307
63813,1.29296
63814,1.29311
63815,1.29308
63816,1.29275
63817,1.29262
63818,1.29286
63819,1.2927
63820,1.29293
63821,1.29511
63822,1.29551
63823,1.29489
63824,1.29613
63825,1.29587
63826,1.29695
63827,1.2969
63828,1.29652
63829,1.29745
63830,1.297
63831,1.29888
63832,1.2993
63833,1.29908
63834,1.2992
63835,1.29914
63836,1.30093
63837,1.3013
63838,1.30072
63839,1.3007
63840,1.30074
63841,1.30052
63842,1.30034
63843,1.30086
63844,1.30053
63845,1.2999
63846,1.29956
63847,1.29967
63848,1.29944
63849,1.29894
63850,1.29945
63851,1.29917
63852,1.29956
63853,1.29947
63854,1.299
63855,1.29881
63856,1.29896
63857,1.29631
63858,1.29558
63859,1.29622
63860,1.29704
63861,1.29671
63862,1.29323
63863,1.29287
63864,1.29269
63865,1.29317
63866,1.29276
63867,1.29307
63868,1.29339
63869,1.29333
63870,1.29314
63871,1.29364
63872,1.33146
63873,1.36962
63874,1.40771
63875,1.44407
63876,1.48036
63877,1.51618
63878,1.55151
63879,1.58725
63880,1.62134
63881,1.65523
63882,1.68878
63883,1.72186
63884,1.75439
63885,1.78728
63886,1.81758
63887,1.84813
63888,1.87925
63889,1.90996
63890,1.93972
63891,1.96927
63892,1.99911
63893,2.02845
63894,2.0571
63895,2.08595
63896,2.11404
63897,2.14138
63898,2.16849
63899,2.19325
63900,2.21949
63901,2.24532
63902,2.27117
63903,2.29649
63904,2.32302
63905,2.34778
63906,2.37258
63907,2.39682
63908,2.42079
63909,2.44482
63910,2.46857
63911,2.49042
63912,2.51336
63913,2.5357
63914,2.55775
63915,2.57958
63916,2.60093
63917,2.62263
63918,2.64402
63919,2.66466
63920,2.68513
63921,2.70514
63922,2.72526
63923,2.74521
63924,2.76434
63925,2.78313
63926,2.80193
63927,2.82089
63928,2.83938
63929,2.85787
63930,2.87646
63931,2.89451
63932,2.91191
63933,2.92921
63934,2.94671
63935,2.96341
63936,2.9803
63937,2.99664
63938,3.01311
63939,3.02913
63940,3.04509
63941,3.06063
63942,3.07609
63943,3.09126
63944,3.1069
63945,3.12113
63946,3.1363
63947,3.15098
63948,3.16542
63949,3.17997
63950,3.19387
63951,3.20797
63952,3.22225
63953,3.23586
63954,3.24917
63955,3.25995
63956,3.2725
63957,3.28572
63958,3.29888
63959,3.31097
63960,3.32479
63961,3.33729
63962,3.34901
63963,3.36084
63964,3.37348
63965,3.38531
63966,3.39705
63967,3.40882
63968,3.4192
63969,3.43043
63970,3.44179
63971,3.45302
63972,3.46389
63973,3.47754
63974,3.48812
63975,3.49831
63976,3.50899
63977,3.51913
63978,3.5295
63979,3.53983
63980,3.54951
63981,3.55819
63982,3.56773
63983,3.57727
63984,3.58698
63985,3.59628
63986,3.60573
63987,3.61535
63988,3.62575
63989,3.63498
63990,3.64369
63991,3.65278
63992,3.66171
63993,3.67024
63994,3.67865
63995,3.68725
63996,3.69544
63997,3.704
63998,3.7123
63999,3.72059
64000,3.74768
64001,3.77427
64002,3.80094
64003,3.82763
64004,3.85416
64005,3.88107
64006,3.90644
64007,3.93144
64008,3.95657
64009,3.9818
64010,4.00631
64011,4.03019
64012,4.05382
64013,4.07442
64014,4.09693
64015,4.11934
64016,4.14217
64017,4.16398
64018,4.18808
64019,4.20999
64020,4.23169
64021,4.25269
64022,4.27412
64023,4.29449
64024,4.31505
64025,4.33524
64026,4.35512
64027,4.3745
64028,4.39383
64029,4.41302
64030,4.43172
64031,4.45047
64032,4.46876
64033,4.48707
64034,4.50468
64035,4.52237
64036,4.53974
64037,4.55697
64038,4.5739
64039,4.59046
64040,4.607
64041,4.62329
64042,4.63932
64043,4.65537
64044,4.67145
64045,4.68711
64046,4.70227
64047,4.71761
64048,4.73246
64049,4.74743
64050,4.76191
64051,4.77641
64052,4.79071
64053,4.80511
64054,4.81898
64055,4.83254
64056,4.8461
64057,4.85987
64058,4.87361
64059,4.88595
64060,4.89952
64061,4.91198
64062,4.92485
64063,4.93798
64064,4.95071
64065,4.96292
64066,4.97515
64067,4.98714
64068,4.99945
64069,5.01022
64070,5.0211
64071,5.03224
64072,5.04342
64073,5.05419
64074,5.0645
64075,5.07523
64076,5.0853
64077,5.09607
64078,5.10655
64079,5.11696
64080,5.12698
64081,5.1375
64082,5.14678
64083,5.15655
64084,5.16687
64085,5.17636
64086,5.1856
64087,5.19501
64088,5.20494
64089,5.21459
64090,5.22371
64091,5.23328
64092,5.24189
64093,5.25068
64094,5.25963
64095,5.26673
64096,5.27506
64097,5.28358
64098,5.29165
64099,5.29974
64100,5.30538
64101,5.31356
64102,5.32138
64103,5.33023
64104,5.33775
64105,5.34587
64106,5.35367
64107,5.36148
64108,5.36899
64109,5.37641
64110,5.38396
64111,5.39131
64112,5.3986
64113,5.40558
64114,5.41294
64115,5.42
64116,5.42654
64117,5.43335
64118,5.44018
64119,5.44697
64120,5.45372
64121,5.46007
64122,5.46669
64123,5.47325
64124,5.48008
64125,5.48678
64126,5.49331
64127,5.49946
64128,5.5226
64129,5.54782
64130,5.57262
64131,5.59707
64132,5.62046
64133,5.64126
64134,5.66433
64135,5.688
64136,5.71117
64137,5.73324
64138,5.75588
64139,5.77832
64140,5.80025
64141,5.82151
64142,5.84286
64143,5.86397
64144,5.88478
64145,5.90535
64146,5.92569
64147,5.94555
64148,5.96539
64149,5.98499
64150,6.00405
64151,6.02312
64152,6.04158
64153,6.06048
64154,6.07878
64155,6.09697
64156,6.11476
64157,6.13205
64158,6.14954
64159,6.16698
64160,6.18393
64161,6.20058
64162,6.21702
64163,6.23366
64164,6.25003
64165,6.26631
64166,6.28181
64167,6.29734
64168,6.31301
64169,6.32849
64170,6.3432
64171,6.3585
64172,6.37293
64173,6.38729
64174,6.40181
64175,6.41565
64176,6.42849
64177,6.44224
64178,6.45543
64179,6.46883
64180,6.4819
64181,6.49733
64182,6.51092
64183,6.52331
64184,6.53648
64185,6.54935
64186,6.56149
64187,6.57404
64188,6.58641
64189,6.59755
64190,6.60934
64191,6.62105
64192,6.63265
64193,6.64409
64194,6.65342
64195,6.66445
64196,6.67528
64197,6.68631
64198,6.69714
64199,6.70815
64200,6.71836
64201,6.72893
64202,6.73885
64203,6.7486
64204,6.75827
64205,6.76792
64206,6.77768
64207,6.78984
64208,6.80013
64209,6.80917
64210,6.81801
64211,6.82813
64212,6.83702
64213,6.84738
64214,6.85583
64215,6.86444
64216,6.87282
64217,6.88125
64218,6.89045
64219,6.8986
64220,6.90728
64221,6.91562
64222,6.92381
64223,6.932
64224,6.9401
64225,6.94792
64226,6.95529
64227,6.96309
64228,6.97089
64229,6.97853
64230,6.98612
64231,6.99337
64232,7.00089
64233,7.00813
64234,7.01539
64235,7.02262
64236,7.02942
64237,7.03649
64238,7.04301
64239,7.04991
64240,7.05708
64241,7.06379
64242,7.07065
64243,7.07717
64244,7.08387
64245,7.09048
64246,7.09694
64247,7.10336
64248,7.11015
64249,7.11655
64250,7.12284
64251,7.12876
64252,7.13435
64253,7.13866
64254,7.14406
64255,7.15024
64256,7.17511
64257,7.19987
64258,7.22667
64259,7.25024
64260,7.27387
64261,7.29708
64262,7.32006
64263,7.34288
64264,7.36551
64265,7.38747
64266,7.40895
64267,7.43055
64268,7.45151
64269,7.47253
64270,7.49318
64271,7.51382
64272,7.534
64273,7.55384
64274,7.57349
64275,7.59289
64276,7.61182
64277,7.63082
64278,7.64958
64279,7.66827
64280,7.6867
64281,7.70484
64282,7.72234
64283,7.73982
64284,7.75755
64285,7.77431
64286,7.79091
64287,7.80745
64288,7.82407
64289,7.84028
64290,7.85635
64291,7.87139
64292,7.88716
64293,7.90213
64294,7.91783
64295,7.93239
64296,7.94876
64297,7.96373
64298,7.97795
64299,7.99295
64300,8.0068
64301,8.0229
64302,8.03733
64303,8.05077
64304,8.06411
64305,8.07726
64306,8.0919
64307,8.10555
64308,8.11814
64309,8.13126
64310,8.14458
64311,8.15677
64312,8.16868
64313,8.18106
64314,8.19279
64315,8.20463
64316,8.2167
64317,8.22796
64318,8.23931
64319,8.25081
64320,8.26193
64321,8.27297
64322,8.28394
64323,8.29462
64324,8.30503
64325,8.31569
64326,8.32631
64327,8.33746
64328,8.34705
64329,8.35739
64330,8.36738
64331,8.37657
64332,8.38737
64333,8.39713
64334,8.40663
64335,8.4162
64336,8.42575
64337,8.4346
64338,8.44414
64339,8.45468
64340,8.46366
64341,8.47257
64342,8.4811
64343,8.48962
64344,8.49808
64345,8.50661
64346,8.515
64347,8.52299
64348,8.53101
64349,8.53902
64350,8.54726
64351,8.55516
64352,8.5627
64353,8.57086
64354,8.57859
64355,8.58611
64356,8.59338
64357,8.60055
64358,8.60778
64359,8.61522
64360,8.62206
64361,8.62888
64362,8.63552
64363,8.64282
64364,8.65005
64365,8.65726
64366,8.66417
64367,8.67071
64368,8.67752
64369,8.68426
64370,8.6904
64371,8.69685
64372,8.70349
64373,8.70922
64374,8.71577
64375,8.72147
64376,8.72765
64377,8.73396
64378,8.74008
64379,8.74591
64380,8.75016
64381,8.75551
64382,8.76166
64383,8.76753
64384,8.7923
64385,8.81665
64386,8.84082
64387,8.86441
64388,8.88799
64389,8.91122
64390,8.93367
64391,8.95631
64392,8.97864
64393,9.00056
64394,9.02207
64395,9.04363
64396,9.0647
64397,9.08506
64398,9.10571
64399,9.12644
64400,9.14651
64401,9.16633
64402,9.18638
64403,9.20566
64404,9.22457
64405,9.24363
64406,9.26239
64407,9.28064
64408,9.29874
64409,9.31673
64410,9.33449
64411,9.35187
64412,9.36864
64413,9.38651
64414,9.4029
64415,9.41976
64416,9.43647
64417,9.45247
64418,9.46894
64419,9.48445
64420,9.50025
64421,9.51614
64422,9.53074
64423,9.54572
64424,9.56088
64425,9.57516
64426,9.59019
64427,9.60394
64428,9.6174
64429,9.63155
64430,9.64562
64431,9.65949
64432,9.67278
64433,9.6864
64434,9.69923
64435,9.71251
64436,9.72533
64437,9.73803
64438,9.75055
64439,9.76342
64440,9.77563
64441,9.78737
64442,9.79917
64443,9.81113
64444,9.82282
64445,9.83549
64446,9.84758
64447,9.85859
64448,9.8695
64449,9.88145
64450,9.89234
64451,9.90306
64452,9.91404
64453,9.92428
64454,9.93521
64455,9.94552
64456,9.95607
64457,9.96631
64458,9.97626
64459,9.98638
64460,9.99616
64461,10.0056
64462,10.0152
64463,10.0246
64464,10.0337
64465,10.0428
64466,10.0516
64467,10.0606
64468,10.0695
64469,10.0784
64470,10.0867
64471,10.0954
64472,10.1039
64473,10.1124
64474,10.1203
64475,10.1286
64476,10.1374
64477,10.1455
64478,10.1535
64479,10.1613
64480,10.169
64481,10.1768
64482,10.1843
64483,10.1917
64484,10.1992
64485,10.2062
64486,10.2132
64487,10.2205
64488,10.2275
64489,10.2345
64490,10.2415
64491,10.2487
64492,10.2549
64493,10.2605
64494,10.2671
64495,10.2741
64496,10.281
64497,10.2871
64498,10.2935
64499,10.2996
64500,10.3058
64501,10.312
64502,10.3175
64503,10.3239
64504,10.3303
64505,10.336
64506,10.3423
64507,10.3484
64508,10.3557
64509,10.3623
64510,10.368
64511,10.3734
64512,10.3979
64513,10.4224
64514,10.4465
64515,10.4704
64516,10.4939
64517,10.5176
64518,10.5407
64519,10.5635
64520,10.5855
64521,10.6076
64522,10.6294
64523,10.6508
64524,10.672
64525,10.6933
64526,10.7141
64527,10.7345
64528,10.7548
64529,10.7746
64530,10.795
64531,10.8137
64532,10.8326
64533,10.8516
64534,10.8696
64535,10.8883
64536,10.9039
64537,10.9217
64538,10.9397
64539,10.9573
64540,10.9742
64541,10.9906
64542,11.0072
64543,11.024
64544,11.0405
64545,11.0565
64546,11.0743
64547,11.0911
64548,11.107
64549,11.122
64550,11.1374
64551,11.1526
64552,11.1677
64553,11.1824
64554,11.1954
64555,11.2101
64556,11.2243
64557,11.238
64558,11.2521
64559,11.266
64560,11.2799
64561,11.2929
64562,11.3057
64563,11.3186
64564,11.3317
64565,11.3456
64566,11.3573
64567,11.3722
64568,11.3854
64569,11.3971
64570,11.4092
64571,11.4203
64572,11.4305
64573,11.442
64574,11.4532
64575,11.4646
64576,11.4758
64577,11.4871
64578,11.4982
64579,11.5092
64580,11.5203
64581,11.5314
64582,11.542
64583,11.5523
64584,11.5627
64585,11.5728
64586,11.5829
64587,11.5929
64588,11.603
64589,11.6129
64590,11.6226
64591,11.6322
64592,11.6416
64593,11.651
64594,11.6602
64595,11.6688
64596,11.6779
64597,11.6866
64598,11.6954
64599,11.7044
64600,11.713
64601,11.7217
64602,11.7299
64603,11.7385
64604,11.7466
64605,11.7547
64606,11.7628
64607,11.7709
64608,11.7783
64609,11.7865
64610,11.794
64611,11.8024
64612,11.8102
64613,11.8176
64614,11.8254
64615,11.8326
64616,11.8399
64617,11.8472
64618,11.8535
64619,11.8607
64620,11.8672
64621,11.8736
64622,11.8804
64623,11.8872
64624,11.8935
64625,11.8991
64626,11.9056
64627,11.912
64628,11.9185
64629,11.9251
64630,11.9319
64631,11.939
64632,11.9452
64633,11.951
64634,11.9572
64635,11.9634
64636,11.9694
64637,11.9748
64638,11.9806
64639,11.9863
64640,12.0114
64641,12.0361
64642,12.0604
64643,12.0842
64644,12.1076
64645,12.1308
64646,12.1541
64647,12.1766
64648,12.2003
64649,12.2226
64650,12.2443
64651,12.2663
64652,12.2873
64653,12.3106
64654,12.3321
64655,12.3521
64656,12.372
64657,12.3925
64658,12.4127
64659,12.4325
64660,12.4521
64661,12.4708
64662,12.4902
64663,12.5083
64664,12.5264
64665,12.5446
64666,12.5626
64667,12.5802
64668,12.5977
64669,12.6147
64670,12.6313
64671,12.6502
64672,12.6668
64673,12.6834
64674,12.6989
64675,12.7148
64676,12.7306
64677,12.7463
64678,12.7615
64679,12.7771
64680,12.7921
64681,12.8067
64682,12.8213
64683,12.8362
64684,12.8502
64685,12.8644
64686,12.8791
64687,12.8924
64688,12.9066
64689,12.9216
64690,12.9349
64691,12.948
64692,12.9603
64693,12.973
64694,12.9856
64695,12.998
64696,13.0104
64697,13.0228
64698,13.0348
64699,13.0465
64700,13.058
64701,13.0695
64702,13.0809
64703,13.0924
64704,13.1035
64705,13.1149
64706,13.126
64707,13.137
64708,13.1477
64709,13.1586
64710,13.1688
64711,13.1792
64712,13.1894
64713,13.1996
64714,13.2096
64715,13.2194
64716,13.2293
64717,13.2387
64718,13.2483
64719,13.258
64720,13.2675
64721,13.2765
64722,13.2856
64723,13.2948
64724,13.3038
64725,13.3123
64726,13.3216
64727,13.3299
64728,13.3392
64729,13.3478
64730,13.356
64731,13.3647
64732,13.3729
64733,13.3813
64734,13.3895
64735,13.3976
64736,13.4057
64737,13.4137
64738,13.4212
64739,13.429
64740,13.4348
64741,13.4424
64742,13.4501
64743,13.4574
64744,13.4641
64745,13.4712
64746,13.4792
64747,13.4858
64748,13.4929
64749,13.5002
64750,13.5071
64751,13.5132
64752,13.5198
64753,13.525
64754,13.5317
64755,13.5381
64756,13.5443
64757,13.5508
64758,13.5569
64759,13.5631
64760,13.5693
64761,13.5755
64762,13.5812
64763,13.5874
64764,13.5935
64765,13.599
64766,13.6029
64767,13.608
64768,13.633
64769,13.6581
64770,13.6824
64771,13.7062
64772,13.7301
64773,13.7534
64774,13.7767
64775,13.7977
64776,13.8194
64777,13.8424
64778,13.8646
64779,13.8857
64780,13.905
64781,13.9261
64782,13.947
64783,13.968
64784,13.9884
64785,14.0082
64786,14.0285
64787,14.0484
64788,14.0673
64789,14.0863
64790,14.1055
64791,14.1242
64792,14.1424
64793,14.161
64794,14.1794
64795,14.1967
64796,14.2142
64797,14.2318
64798,14.2488
64799,14.2655
64800,14.282
64801,14.2956
64802,14.3113
64803,14.3274
64804,14.3438
64805,14.3594
64806,14.3745
64807,14.3901
64808,14.4057
64809,14.4211
64810,14.436
64811,14.4506
64812,14.4647
64813,14.4789
64814,14.4927
64815,14.5063
64816,14.52
64817,14.5335
64818,14.5468
64819,14.5599
64820,14.5729
64821,14.5856
64822,14.5981
64823,14.6107
64824,14.6234
64825,14.6355
64826,14.6478
64827,14.6596
64828,14.6714
64829,14.683
64830,14.6946
64831,14.7061
64832,14.7171
64833,14.7279
64834,14.7386
64835,14.7492
64836,14.76
64837,14.7706
64838,14.7812
64839,14.7916
64840,14.8019
64841,14.8125
64842,14.8225
64843,14.8321
64844,14.8436
64845,14.8537
64846,14.8632
64847,14.8725
64848,14.8814
64849,14.8915
64850,14.9013
64851,14.9099
64852,14.919
64853,14.9278
64854,14.9364
64855,14.9456
64856,14.9545
64857,14.963
64858,14.9719
64859,14.9801
64860,14.9884
64861,14.9967
64862,15.0037
64863,15.0116
64864,15.0198
64865,15.0278
64866,15.0349
64867,15.0425
64868,15.051
64869,15.0586
64870,15.0661
64871,15.0731
64872,15.0809
64873,15.0881
64874,15.0951
64875,15.1022
64876,15.109
64877,15.1158
64878,15.1228
64879,15.1301
64880,15.1367
64881,15.1435
64882,15.1503
64883,15.1545
64884,15.1604
64885,15.167
64886,15.1726
64887,15.1787
64888,15.1851
64889,15.1909
64890,15.1972
64891,15.2032
64892,15.2089
64893,15.2151
64894,15.221
64895,15.2268
64896,15.2519
64897,15.2762
64898,15.3005
64899,15.3241
64900,15.3497
64901,15.374
64902,15.397
64903,15.4196
64904,15.4422
64905,15.4644
64906,15.4864
64907,15.5086
64908,15.529
64909,15.5494
64910,15.5705
64911,15.591
64912,15.6112
64913,15.6333
64914,15.653
64915,15.6724
64916,15.6913
64917,15.7101
64918,15.7288
64919,15.7477
64920,15.766
64921,15.7816
64922,15.7988
64923,15.8162
64924,15.834
64925,15.851
64926,15.8663
64927,15.8836
64928,15.8999
64929,15.9172
64930,15.9331
64931,15.9492
64932,15.9653
64933,15.9808
64934,15.9964
64935,16.0116
64936,16.0269
64937,16.042
64938,16.0569
64939,16.0714
64940,16.0858
64941,16.1
64942,16.1142
64943,16.1278
64944,16.1413
64945,16.1547
64946,16.1679
64947,16.1811
64948,16.1941
64949,16.2067
64950,16.2197
64951,16.2321
64952,16.2445
64953,16.2566
64954,16.2687
64955,16.2807
64956,16.2927
64957,16.3041
64958,16.3157
64959,16.327
64960,16.338
64961,16.3492
64962,16.3603
64963,16.3711
64964,16.3818
64965,16.3931
64966,16.4035
64967,16.4147
64968,16.4246
64969,16.4352
64970,16.4457
64971,16.4551
64972,16.4655
64973,16.4753
64974,16.4844
64975,16.494
64976,16.5031
64977,16.5126
64978,16.5223
64979,16.531
64980,16.5398
64981,16.549
64982,16.558
64983,16.5663
64984,16.5753
64985,16.5836
64986,16.5917
64987,16.6004
64988,16.6086
64989,16.6168
64990,16.6251
64991,16.6333
64992,16.641
64993,16.6488
64994,16.6568
64995,16.6645
64996,16.6713
64997,16.6793
64998,16.6873
64999,16.6945
65000,16.7016
65001,16.7091
65002,16.7163
65003,16.7234
65004,16.7307
65005,16.7376
65006,16.7449
65007,16.7512
65008,16.7585
65009,16.7651
65010,16.7717
65011,16.778
65012,16.7844
65013,16.7909
65014,16.7973
65015,16.8035
65016,16.8095
65017,16.8155
65018,16.8216
65019,16.8275
65020,16.8332
65021,16.8394
65022,16.8454
65023,16.8511
65024,16.8755
65025,16.9003
65026,16.9249
65027,16.9481
65028,16.9709
65029,16.994
65030,17.0176
65031,17.0401
65032,17.0637
65033,17.0863
65034,17.1076
65035,17.129
65036,17.1503
65037,17.1709
65038,17.1916
65039,17.212
65040,17.2294
65041,17.2491
65042,17.2689
65043,17.2888
65044,17.3075
65045,17.3272
65046,17.3453
65047,17.3642
65048,17.3825
65049,17.4009
65050,17.4193
65051,17.4367
65052,17.4542
65053,17.4716
65054,17.4881
65055,17.505
65056,17.5216
65057,17.5379
65058,17.5539
65059,17.5697
65060,17.5853
65061,17.6012
65062,17.6168
65063,17.6319
65064,17.6466
65065,17.6618
65066,17.6764
65067,17.6906
65068,17.7052
65069,17.7196
65070,17.7332
65071,17.747
65072,17.7604
65073,17.7738
65074,17.7869
65075,17.8001
65076,17.813
65077,17.8259
65078,17.8388
65079,17.8512
65080,17.863
65081,17.8752
65082,17.8871
65083,17.8989
65084,17.9104
65085,17.9221
65086,17.9333
65087,17.9445
65088,17.9559
65089,17.9668
65090,17.9781
65091,17.989
65092,17.9997
65093,18.0103
65094,18.0207
65095,18.0324
65096,18.0428
65097,18.0525
65098,18.0627
65099,18.073
65100,18.0827
65101,18.0931
65102,18.1027
65103,18.1123
65104,18.1218
65105,18.1312
65106,18.1404
65107,18.1495
65108,18.157
65109,18.1659
65110,18.1748
65111,18.1833
65112,18.1922
65113,18.2008
65114,18.209
65115,18.2176
65116,18.226
65117,18.2339
65118,18.2417
65119,18.25
65120,18.2575
65121,18.2658
65122,18.2739
65123,18.2811
65124,18.2888
65125,18.2957
65126,18.3033
65127,18.3105
65128,18.318
65129,18.3251
65130,18.3327
65131,18.3398
65132,18.3469
65133,18.3539
65134,18.3608
65135,18.3675
65136,18.3741
65137,18.381
65138,18.3878
65139,18.3943
65140,18.4007
65141,18.4071
65142,18.4134
65143,18.4194
65144,18.4253
65145,18.4316
65146,18.4376
65147,18.4433
65148,18.4495
65149,18.4555
65150,18.4614
65151,18.4672
65152,18.4925
65153,18.5173
65154,18.5416
65155,18.5656
65156,18.5882
65157,18.6111
65158,18.6343
65159,18.6572
65160,18.6791
65161,18.7015
65162,18.723
65163,18.7449
65164,18.7664
65165,18.7878
65166,18.809
65167,18.8294
65168,18.8493
65169,18.8691
65170,18.8889
65171,18.9085
65172,18.9277
65173,18.9469
65174,18.9661
65175,18.9848
65176,19.0034
65177,19.0212
65178,19.0393
65179,19.0568
65180,19.0745
65181,19.0919
65182,19.1091
65183,19.1259
65184,19.1424
65185,19.1588
65186,19.1752
65187,19.1913
65188,19.2073
65189,19.2234
65190,19.239
65191,19.2545
65192,19.2697
65193,19.2843
65194,19.2988
65195,19.3134
65196,19.3278
65197,19.3419
65198,19.3559
65199,19.3699
65200,19.3839
65201,19.3981
65202,19.4119
65203,19.4245
65204,19.4379
65205,19.451
65206,19.4652
65207,19.4786
65208,19.491
65209,19.5028
65210,19.5154
65211,19.5269
65212,19.5389
65213,19.551
65214,19.5626
65215,19.5744
65216,19.5857
65217,19.597
65218,19.6086
65219,19.62
65220,19.63
65221,19.6413
65222,19.6522
65223,19.6621
65224,19.6732
65225,19.6834
65226,19.6929
65227,19.7028
65228,19.7128
65229,19.7223
65230,19.732
65231,19.7413
65232,19.7498
65233,19.7587
65234,19.768
65235,19.777
65236,19.7862
65237,19.7955
65238,19.8047
65239,19.8138
65240,19.8224
65241,19.831
65242,19.839
65243,19.8478
65244,19.8557
65245,19.8639
65246,19.8715
65247,19.879
65248,19.8875
65249,19.8962
65250,19.9041
65251,19.9119
65252,19.9196
65253,19.9271
65254,19.9342
65255,19.9417
65256,19.9487
65257,19.9561
65258,19.963
65259,19.97
65260,19.9769
65261,19.9837
65262,19.9904
65263,19.997
65264,20.0038
65265,20.0101
65266,20.0166
65267,20.0227
65268,20.029
65269,20.0353
65270,20.0418
65271,20.0477
65272,20.0539
65273,20.0601
65274,20.0664
65275,20.0721
65276,20.0782
65277,20.0841
65278,20.0901
65279,20.0961
65280,20.1212
65281,20.1458
65282,20.1705
65283,20.194
65284,20.218
65285,20.2433
65286,20.2663
65287,20.2889
65288,20.3113
65289,20.3335
65290,20.3555
65291,20.3769
65292,20.3984
65293,20.4195
65294,20.4405
65295,20.4611
65296,20.4812
65297,20.501
65298,20.5207
65299,20.5402
65300,20.5593
65301,20.5782
65302,20.597
65303,20.6157
65304,20.6341
65305,20.6522
65306,20.6703
65307,20.6881
65308,20.7053
65309,20.7225
65310,20.7394
65311,20.7559
65312,20.7726
65313,20.7891
65314,20.8055
65315,20.8211
65316,20.8369
65317,20.8526
65318,20.8678
65319,20.8831
65320,20.898
65321,20.9129
65322,20.9279
65323,20.9428
65324,20.957
65325,20.9708
65326,20.9848
65327,20.9993
65328,21.0125
65329,21.0259
65330,21.0392
65331,21.0525
65332,21.066
65333,21.0787
65334,21.0914
65335,21.1041
65336,21.1158
65337,21.1272
65338,21.1397
65339,21.1518
65340,21.1631
65341,21.1748
65342,21.1862
65343,21.1971
65344,21.2081
65345,21.2195
65346,21.2302
65347,21.2415
65348,21.2526
65349,21.2633
65350,21.273
65351,21.2832
65352,21.2935
65353,21.3037
65354,21.3141
65355,21.324
65356,21.3336
65357,21.3426
65358,21.3519
65359,21.3618
65360,21.3714
65361,21.3808
65362,21.3883
65363,21.3972
65364,21.4063
65365,21.4152
65366,21.4232
65367,21.4322
65368,21.4413
65369,21.4498
65370,21.458
65371,21.4665
65372,21.4746
65373,21.4828
65374,21.4906
65375,21.4984
65376,21.5064
65377,21.5143
65378,21.5224
65379,21.53
65380,21.5373
65381,21.545
65382,21.5523
65383,21.5596
65384,21.5669
65385,21.5745
65386,21.5817
65387,21.5886
65388,21.5953
65389,21.602
65390,21.6089
65391,21.6157
65392,21.6218
65393,21.6281
65394,21.6348
65395,21.6413
65396,21.6481
65397,21.6543
65398,21.6606
65399,21.6669
65400,21.6731
65401,21.6788
65402,21.6825
65403,21.6878
65404,21.6943
65405,21.7003
65406,21.7062
65407,21.7105
65408,21.7358
65409,21.7607
65410,21.7845
65411,21.8085
65412,21.8319
65413,21.8553
65414,21.8781
65415,21.901
65416,21.9234
65417,21.9455
65418,21.9669
65419,21.9885
65420,22.01
65421,22.0308
65422,22.0514
65423,22.0719
65424,22.092
65425,22.1118
65426,22.1312
65427,22.1505
65428,22.1699
65429,22.1891
65430,22.2079
65431,22.2267
65432,22.2448
65433,22.2628
65434,22.281
65435,22.2986
65436,22.3159
65437,22.3329
65438,22.3499
65439,22.3667
65440,22.3831
65441,22.3993
65442,22.4155
65443,22.4315
65444,22.4473
65445,22.4632
65446,22.4784
65447,22.4933
65448,22.5085
65449,22.5231
65450,22.5381
65451,22.5511
65452,22.5648
65453,22.5792
65454,22.5932
65455,22.6066
65456,22.6204
65457,22.6339
65458,22.6472
65459,22.6609
65460,22.674
65461,22.6867
65462,22.6998
65463,22.7124
65464,22.7247
65465,22.7367
65466,22.7489
65467,22.7607
65468,22.7723
65469,22.7839
65470,22.7958
65471,22.807
65472,22.8182
65473,22.8296
65474,22.8408
65475,22.8517
65476,22.8624
65477,22.8724
65478,22.8828
65479,22.8925
65480,22.9029
65481,22.9135
65482,22.923
65483,22.9331
65484,22.9429
65485,22.9531
65486,22.9626
65487,22.9718
65488,22.9802
65489,22.9896
65490,22.9989
65491,23.008
65492,23.017
65493,23.0257
65494,23.0345
65495,23.0432
65496,23.0513
65497,23.0597
65498,23.0679
65499,23.0761
65500,23.0843
65501,23.0925
65502,23.1003
65503,23.1077
65504,23.1157
65505,23.1236
65506,23.1313
65507,23.1387
65508,23.1466
65509,23.1542
65510,23.1616
65511,23.1686
65512,23.1757
65513,23.1827
65514,23.1898
65515,23.1963
65516,23.2034
65517,23.2105
65518,23.2176
65519,23.2244
65520,23.2307
65521,23.2376
65522,23.2443
65523,23.2507
65524,23.2563
65525,23.2625
65526,23.2689
65527,23.2751
65528,23.2812
65529,23.2868
65530,23.2934
65531,23.2996
65532,23.3052
65533,23.3111
65534,23.3169
65535,23.3247
65536,23.35
65537,23.3746
65538,23.3987
65539,23.4224
65540,23.4463
65541,23.4696
65542,23.4926
65543,23.5151
65544,23.5377
65545,23.5599
65546,23.5816
65547,23.6032
65548,23.6245
65549,23.6456
65550,23.6662
65551,23.687
65552,23.7075
65553,23.7272
65554,23.7469
65555,23.7663
65556,23.7856
65557,23.8045
65558,23.8232
65559,23.8418
65560,23.8604
65561,23.8786
65562,23.8965
65563,23.9139
65564,23.9307
65565,23.9478
65566,23.9642
65567,23.9809
65568,23.9975
65569,24.0133
65570,24.0309
65571,24.047
65572,24.0626
65573,24.0779
65574,24.0935
65575,24.1092
65576,24.1243
65577,24.1388
65578,24.1536
65579,24.1688
65580,24.183
65581,24.1971
65582,24.2115
65583,24.2249
65584,24.2378
65585,24.2512
65586,24.2648
65587,24.2781
65588,24.292
65589,24.3047
65590,24.3171
65591,24.3295
65592,24.342
65593,24.3542
65594,24.3664
65595,24.378
65596,24.3898
65597,24.4017
65598,24.4131
65599,24.4248
65600,24.4366
65601,24.4475
65602,24.4586
65603,24.4701
65604,24.4804
65605,24.4917
65606,24.5044
65607,24.5146
65608,24.5247
65609,24.5348
65610,24.5446
65611,24.5543
65612,24.5639
65613,24.574
65614,24.5837
65615,24.5928
65616,24.6021
65617,24.6112
65618,24.6204
65619,24.6296
65620,24.6385
65621,24.6474
65622,24.6562
65623,24.6649
65624,24.6735
65625,24.682
65626,24.6904
65627,24.6986
65628,24.707
65629,24.715
65630,24.7229
65631,24.7307
65632,24.7388
65633,24.7464
65634,24.754
65635,24.7617
65636,24.7691
65637,24.7764
65638,24.7838
65639,24.7912
65640,24.7985
65641,24.8053
65642,24.8117
65643,24.819
65644,24.8256
65645,24.8324
65646,24.8395
65647,24.8461
65648,24.8528
65649,24.8594
65650,24.8658
65651,24.8728
65652,24.8785
65653,24.8845
65654,24.8911
65655,24.8976
65656,24.9036
65657,24.9078
65658,24.9132
65659,24.9192
65660,24.9253
65661,24.9308
65662,24.9387
65663,24.9444
65664,24.9686
65665,24.993
65666,25.0169
65667,25.0404
65668,25.0634
65669,25.0865
65670,25.109
65671,25.1315
65672,25.1534
65673,25.1755
65674,25.1969
65675,25.2182
65676,25.2386
65677,25.2594
65678,25.28
65679,25.3001
65680,25.32
65681,25.3402
65682,25.3596
65683,25.3787
65684,25.3979
65685,25.4165
65686,25.4334
65687,25.4509
65688,25.4695
65689,25.4875
65690,25.5045
65691,25.5211
65692,25.5385
65693,25.5551
65694,25.5719
65695,25.5882
65696,25.6051
65697,25.6218
65698,25.6373
65699,25.6531
65700,25.6687
65701,25.6838
65702,25.6993
65703,25.7146
65704,25.7296
65705,25.7438
65706,25.7589
65707,25.7731
65708,25.7868
65709,25.801
65710,25.8149
65711,25.828
65712,25.8412
65713,25.8553
65714,25.868
65715,25.8809
65716,25.894
65717,25.9065
65718,25.9189
65719,25.9315
65720,25.9437
65721,25.9556
65722,25.9675
65723,25.9796
65724,25.9912
65725,26.0024
65726,26.0142
65727,26.0273
65728,26.0386
65729,26.0495
65730,26.06
65731,26.0713
65732,26.0817
65733,26.0925
65734,26.1028
65735,26.113
65736,26.1228
65737,26.1326
65738,26.1426
65739,26.1521
65740,26.1616
65741,26.1714
65742,26.181
65743,26.1902
65744,26.1995
65745,26.2085
65746,26.2178
65747,26.2265
65748,26.2352
65749,26.2439
65750,26.2525
65751,26.2607
65752,26.2696
65753,26.2777
65754,26.2861
65755,26.2942
65756,26.3023
65757,26.3106
65758,26.3182
65759,26.3265
65760,26.3341
65761,26.3416
65762,26.3491
65763,26.357
65764,26.3645
65765,26.372
65766,26.3793
65767,26.3862
65768,26.3919
65769,26.3984
65770,26.4054
65771,26.4124
65772,26.419
65773,26.4268
65774,26.4339
65775,26.4402
65776,26.447
65777,26.4543
65778,26.4603
65779,26.4664
65780,26.4732
65781,26.4791
65782,26.4849
65783,26.4918
65784,26.4979
65785,26.5034
65786,26.5092
65787,26.5158
65788,26.5217
65789,26.5275
65790,26.5331
65791,26.5385
65792,26.5628
65793,26.587
65794,26.6106
65795,26.6341
65796,26.6571
65797,26.6797
65798,26.702
65799,26.7243
65800,26.7462
65801,26.7677
65802,26.789
65803,26.8098
65804,26.8311
65805,26.8513
65806,26.8719
65807,26.8919
65808,26.9117
65809,26.9319
65810,26.9508
65811,26.9701
65812,26.9889
65813,27.0075
65814,27.0261
65815,27.044
65816,27.0619
65817,27.08
65818,27.0965
65819,27.1134
65820,27.1308
65821,27.1477
65822,27.1637
65823,27.1803
65824,27.1968
65825,27.2128
65826,27.2284
65827,27.2443
65828,27.2594
65829,27.2749
65830,27.29
65831,27.3046
65832,27.3195
65833,27.3342
65834,27.3482
65835,27.362
65836,27.3758
65837,27.3895
65838,27.4031
65839,27.4163
65840,27.4297
65841,27.4433
65842,27.4565
65843,27.4695
65844,27.4799
65845,27.4919
65846,27.5045
65847,27.5171
65848,27.5285
65849,27.5402
65850,27.5517
65851,27.5634
65852,27.5752
65853,27.5862
65854,27.5978
65855,27.6091
65856,27.6202
65857,27.6313
65858,27.6419
65859,27.6524
65860,27.663
65861,27.6732
65862,27.6834
65863,27.6935
65864,27.7037
65865,27.7137
65866,27.7237
65867,27.7337
65868,27.7434
65869,27.7528
65870,27.762
65871,27.7714
65872,27.7806
65873,27.7896
65874,27.7983
65875,27.8074
65876,27.8164
65877,27.825
65878,27.8336
65879,27.8418
65880,27.8505
65881,27.8585
65882,27.8667
65883,27.8747
65884,27.8817
65885,27.8888
65886,27.8967
65887,27.905
65888,27.9123
65889,27.9178
65890,27.9249
65891,27.9324
65892,27.94
65893,27.9468
65894,27.9547
65895,27.9622
65896,27.9689
65897,27.9757
65898,27.9824
65899,27.9906
65900,27.9981
65901,28.0044
65902,28.011
65903,28.0184
65904,28.025
65905,28.0315
65906,28.0379
65907,28.0426
65908,28.049
65909,28.0552
65910,28.0616
65911,28.0674
65912,28.0757
65913,28.0818
65914,28.0881
65915,28.0937
65916,28.0997
65917,28.1051
65918,28.1111
65919,28.1165
65920,28.1412
65921,28.1652
65922,28.189
65923,28.2122
65924,28.2345
65925,28.2576
65926,28.28
65927,28.3016
65928,28.3236
65929,28.3452
65930,28.3667
65931,28.3859
65932,28.4063
65933,28.427
65934,28.4471
65935,28.4667
65936,28.4863
65937,28.5057
65938,28.5244
65939,28.5433
65940,28.562
65941,28.5803
65942,28.5993
65943,28.617
65944,28.6351
65945,28.6528
65946,28.6704
65947,28.6873
65948,28.7041
65949,28.7211
65950,28.7374
65951,28.7532
65952,28.7694
65953,28.7854
65954,28.801
65955,28.8168
65956,28.8322
65957,28.8446
65958,28.859
65959,28.8738
65960,28.8883
65961,28.9022
65962,28.915
65963,28.9286
65964,28.9427
65965,28.9566
65966,28.9699
65967,28.9834
65968,28.9967
65969,29.01
65970,29.0226
65971,29.0353
65972,29.0482
65973,29.0604
65974,29.0723
65975,29.0846
65976,29.0968
65977,29.1084
65978,29.1204
65979,29.1321
65980,29.1435
65981,29.1549
65982,29.1661
65983,29.1774
65984,29.1885
65985,29.1994
65986,29.2101
65987,29.2206
65988,29.2308
65989,29.2411
65990,29.2512
65991,29.2615
65992,29.2712
65993,29.2812
65994,29.291
65995,29.3006
65996,29.3103
65997,29.3195
65998,29.3286
65999,29.3379
66000,29.3471
66001,29.3556
66002,29.3632
66003,29.3714
66004,29.3805
66005,29.3891
66006,29.3974
66007,29.404
66008,29.4122
66009,29.4208
66010,29.4293
66011,29.4369
66012,29.445
66013,29.4534
66014,29.4608
66015,29.4681
66016,29.4758
66017,29.4855
66018,29.4937
66019,29.5007
66020,29.5078
66021,29.5156
66022,29.5227
66023,29.5301
66024,29.537
66025,29.5418
66026,29.5489
66027,29.5556
66028,29.5623
66029,29.5687
66030,29.5769
66031,29.5835
66032,29.5901
66033,29.5963
66034,29.6026
66035,29.6092
66036,29.6156
66037,29.621
66038,29.6291
66039,29.6359
66040,29.6413
66041,29.6476
66042,29.6531
66043,29.6595
66044,29.6645
66045,29.6705
66046,29.6764
66047,29.6819
66048,29.7057
66049,29.7291
66050,29.7518
66051,29.775
66052,29.7974
66053,29.8189
66054,29.8412
66055,29.8634
66056,29.8848
66057,29.906
66058,29.9268
66059,29.9469
66060,29.9669
66061,29.9874
66062,30.0071
66063,30.0261
66064,30.045
66065,30.0647
66066,30.0837
66067,30.1024
66068,30.1211
66069,30.1393
66070,30.1573
66071,30.1749
66072,30.1933
66073,30.2112
66074,30.2281
66075,30.2446
66076,30.2618
66077,30.2778
66078,30.2945
66079,30.3102
66080,30.326
66081,30.3409
66082,30.3554
66083,30.3711
66084,30.3873
66085,30.4021
66086,30.4164
66087,30.4305
66088,30.4444
66089,30.4584
66090,30.4726
66091,30.4865
66092,30.5002
66093,30.5135
66094,30.527
66095,30.5404
66096,30.5534
66097,30.5661
66098,30.5787
66099,30.5914
66100,30.6038
66101,30.6161
66102,30.628
66103,30.6397
66104,30.6518
66105,30.6635
66106,30.6752
66107,30.6867
66108,30.6976
66109,30.7087
66110,30.7199
66111,30.731
66112,30.7416
66113,30.7522
66114,30.7623
66115,30.7726
66116,30.7828
66117,30.7925
66118,30.8027
66119,30.8125
66120,30.822
66121,30.8321
66122,30.8413
66123,30.8512
66124,30.861
66125,30.8698
66126,30.8797
66127,30.8886
66128,30.8975
66129,30.907
66130,30.9153
66131,30.924
66132,30.9327
66133,30.9413
66134,30.9495
66135,30.9554
66136,30.9636
66137,30.9715
66138,30.9793
66139,30.9866
66140,30.9965
66141,31.005
66142,31.0127
66143,31.0202
66144,31.0282
66145,31.0352
66146,31.0424
66147,31.0498
66148,31.0549
66149,31.0621
66150,31.0688
66151,31.0759
66152,31.0831
66153,31.0894
66154,31.0962
66155,31.1036
66156,31.1097
66157,31.1162
66158,31.1226
66159,31.1293
66160,31.1353
66161,31.1419
66162,31.1478
66163,31.1536
66164,31.1606
66165,31.1663
66166,31.1721
66167,31.1779
66168,31.1838
66169,31.1894
66170,31.1953
66171,31.2009
66172,31.2068
66173,31.2126
66174,31.2182
66175,31.2239
66176,31.2474
66177,31.2706
66178,31.2935
66179,31.3158
66180,31.338
66181,31.3598
66182,31.3814
66183,31.4026
66184,31.4236
66185,31.4445
66186,31.4653
66187,31.4847
66188,31.5048
66189,31.5245
66190,31.5441
66191,31.5635
66192,31.5826
66193,31.6017
66194,31.6208
66195,31.6387
66196,31.6565
66197,31.6748
66198,31.6922
66199,31.7101
66200,31.7272
66201,31.7443
66202,31.7612
66203,31.7771
66204,31.7938
66205,31.8101
66206,31.8258
66207,31.8415
66208,31.8573
66209,31.8727
66210,31.8878
66211,31.9027
66212,31.9176
66213,31.9325
66214,31.9468
66215,31.9612
66216,31.9753
66217,31.9894
66218,32.003
66219,32.0163
66220,32.0298
66221,32.0428
66222,32.0558
66223,32.0691
66224,32.0819
66225,32.0945
66226,32.107
66227,32.1193
66228,32.1317
66229,32.1439
66230,32.1559
66231,32.1675
66232,32.1792
66233,32.1906
66234,32.2018
66235,32.213
66236,32.2241
66237,32.2353
66238,32.2455
66239,32.2568
66240,32.267
66241,32.2779
66242,32.2887
66243,32.299
66244,32.3091
66245,32.319
66246,32.329
66247,32.3391
66248,32.3479
66249,32.3565
66250,32.366
66251,32.3752
66252,32.3841
66253,32.393
66254,32.4022
66255,32.4107
66256,32.4197
66257,32.4285
66258,32.4368
66259,32.4452
66260,32.4537
66261,32.4616
66262,32.4695
66263,32.4782
66264,32.4861
66265,32.4936
66266,32.502
66267,32.5105
66268,32.5181
66269,32.525
66270,32.5329
66271,32.54
66272,32.5478
66273,32.5545
66274,32.5631
66275,32.5707
66276,32.5774
66277,32.5846
66278,32.5912
66279,32.5981
66280,32.6042
66281,32.6113
66282,32.6183
66283,32.6244
66284,32.6312
66285,32.6376
66286,32.6437
66287,32.6502
66288,32.6565
66289,32.6628
66290,32.6689
66291,32.6749
66292,32.6812
66293,32.6872
66294,32.6931
66295,32.6994
66296,32.7054
66297,32.7111
66298,32.7169
66299,32.7226
66300,32.7282
66301,32.7333
66302,32.7383
66303,32.744
66304,32.7665
66305,32.7889
66306,32.8116
66307,32.8336
66308,32.8547
66309,32.8758
66310,32.8971
66311,32.9177
66312,32.9385
66313,32.959
66314,32.9792
66315,32.9988
66316,33.0178
66317,33.0371
66318,33.0562
66319,33.0752
66320,33.094
66321,33.1121
66322,33.1306
66323,33.1496
66324,33.167
66325,33.1844
66326,33.2015
66327,33.2184
66328,33.2349
66329,33.2514
66330,33.2679
66331,33.2839
66332,33.2994
66333,33.3148
66334,33.3302
66335,33.3455
66336,33.3606
66337,33.3755
66338,33.3903
66339,33.4047
66340,33.4188
66341,33.433
66342,33.4471
66343,33.461
66344,33.4744
66345,33.4881
66346,33.5012
66347,33.5142
66348,33.527
66349,33.5402
66350,33.553
66351,33.5655
66352,33.5776
66353,33.5897
66354,33.6018
66355,33.6138
66356,33.6255
66357,33.6372
66358,33.6488
66359,33.6595
66360,33.6709
66361,33.682
66362,33.693
66363,33.7043
66364,33.7141
66365,33.7245
66366,33.7352
66367,33.7457
66368,33.7562
66369,33.7646
66370,33.7747
66371,33.785
66372,33.7955
66373,33.805
66374,33.8145
66375,33.824
66376,33.833
66377,33.8419
66378,33.8512
66379,33.8601
66380,33.869
66381,33.8778
66382,33.8859
66383,33.8942
66384,33.9029
66385,33.9117
66386,33.92
66387,33.9301
66388,33.9381
66389,33.9457
66390,33.9532
66391,33.961
66392,33.9685
66393,33.9762
66394,33.9836
66395,33.9919
66396,34.0001
66397,34.0071
66398,34.0143
66399,34.0221
66400,34.0299
66401,34.0379
66402,34.0445
66403,34.0517
66404,34.0587
66405,34.0649
66406,34.0716
66407,34.0784
66408,34.0845
66409,34.0908
66410,34.0973
66411,34.1036
66412,34.1097
66413,34.1159
66414,34.1223
66415,34.1286
66416,34.1347
66417,34.1404
66418,34.1463
66419,34.1523
66420,34.1579
66421,34.1637
66422,34.1693
66423,34.1749
66424,34.1801
66425,34.1855
66426,34.1912
66427,34.1967
66428,34.2015
66429,34.2069
66430,34.2123
66431,34.2178
66432,34.2402
66433,34.263
66434,34.2841
66435,34.3049
66436,34.3263
66437,34.3473
66438,34.368
66439,34.3878
66440,34.4074
66441,34.4256
66442,34.4446
66443,34.4638
66444,34.4827
66445,34.5015
66446,34.52
66447,34.5378
66448,34.5555
66449,34.5734
66450,34.5916
66451,34.6089
66452,34.6258
66453,34.6426
66454,34.6595
66455,34.6762
66456,34.6925
66457,34.7085
66458,34.7243
66459,34.74
66460,34.7552
66461,34.7704
66462,34.7856
66463,34.8007
66464,34.8152
66465,34.8298
66466,34.8443
66467,34.8585
66468,34.8726
66469,34.8866
66470,34.9
66471,34.9136
66472,34.9268
66473,34.9402
66474,34.9527
66475,34.9653
66476,34.9776
66477,34.9905
66478,35.0028
66479,35.0173
66480,35.03
66481,35.0416
66482,35.0535
66483,35.0651
66484,35.0778
66485,35.0901
66486,35.1012
66487,35.1122
66488,35.1241
66489,35.1347
66490,35.1454
66491,35.1563
66492,35.1667
66493,35.177
66494,35.1878
66495,35.1978
66496,35.2074
66497,35.2171
66498,35.2269
66499,35.2364
66500,35.246
66501,35.2559
66502,35.2654
66503,35.2747
66504,35.2834
66505,35.2914
66506,35.3004
66507,35.3094
66508,35.3183
66509,35.3268
66510,35.3363
66511,35.3445
66512,35.3534
66513,35.3612
66514,35.369
66515,35.3776
66516,35.3853
66517,35.3937
66518,35.4011
66519,35.4096
66520,35.4192
66521,35.4267
66522,35.4342
66523,35.4417
66524,35.4492
66525,35.4564
66526,35.4633
66527,35.4707
66528,35.4778
66529,35.4844
66530,35.4911
66531,35.4977
66532,35.5043
66533,35.5109
66534,35.5174
66535,35.5238
66536,35.5301
66537,35.5363
66538,35.5424
66539,35.5488
66540,35.555
66541,35.5611
66542,35.5671
66543,35.573
66544,35.579
66545,35.5849
66546,35.5903
66547,35.5959
66548,35.6015
66549,35.6071
66550,35.6127
66551,35.618
66552,35.6233
66553,35.6286
66554,35.634
66555,35.6386
66556,35.644
66557,35.6496
66558,35.6549
66559,35.6606
66560,35.6824
66561,35.7042
66562,35.7246
66563,35.7452
66564,35.7655
66565,35.7856
66566,35.8055
66567,35.8249
66568,35.8441
66569,35.8632
66570,35.8823
66571,35.9008
66572,35.919
66573,35.9372
66574,35.9555
66575,35.9731
66576,35.9905
66577,36.0074
66578,36.0246
66579,36.0414
66580,36.0581
66581,36.0745
66582,36.0906
66583,36.1064
66584,36.1224
66585,36.1379
66586,36.1532
66587,36.1685
66588,36.1833
66589,36.1982
66590,36.2128
66591,36.2271
66592,36.2413
66593,36.2552
66594,36.2689
66595,36.2826
66596,36.2961
66597,36.3098
66598,36.325
66599,36.3385
66600,36.3509
66601,36.3638
66602,36.3766
66603,36.3908
66604,36.4036
66605,36.4153
66606,36.4274
66607,36.4399
66608,36.4513
66609,36.4633
66610,36.4748
66611,36.4857
66612,36.4964
66613,36.5075
66614,36.5184
66615,36.5292
66616,36.5391
66617,36.5488
66618,36.559
66619,36.569
66620,36.5785
66621,36.5907
66622,36.6014
66623,36.6113
66624,36.6205
66625,36.6301
66626,36.6398
66627,36.6491
66628,36.6578
66629,36.6666
66630,36.6761
66631,36.685
66632,36.6937
66633,36.7029
66634,36.7112
66635,36.7195
66636,36.7282
66637,36.7356
66638,36.744
66639,36.7519
66640,36.7606
66641,36.7679
66642,36.7759
66643,36.784
66644,36.7912
66645,36.7984
66646,36.8055
66647,36.8132
66648,36.8205
66649,36.8275
66650,36.8348
66651,36.842
66652,36.8491
66653,36.8564
66654,36.8636
66655,36.8706
66656,36.8777
66657,36.8844
66658,36.8914
66659,36.8984
66660,36.9054
66661,36.9119
66662,36.9184
66663,36.925
66664,36.9313
66665,36.9375
66666,36.9436
66667,36.9499
66668,36.9559
66669,36.9617
66670,36.9677
66671,36.9738
66672,36.9796
66673,36.9852
66674,36.9909
66675,36.9966
66676,37.0014
66677,37.0074
66678,37.0129
66679,37.0181
66680,37.0235
66681,37.0281
66682,37.0344
66683,37.0399
66684,37.0446
66685,37.0498
66686,37.0549
66687,37.0606
66688,37.0819
66689,37.1029
66690,37.1233
66691,37.1436
66692,37.1634
66693,37.1834
66694,37.2031
66695,37.2224
66696,37.2413
66697,37.2599
66698,37.2784
66699,37.2966
66700,37.3145
66701,37.332
66702,37.3495
66703,37.3664
66704,37.3835
66705,37.4005
66706,37.4172
66707,37.4337
66708,37.4502
66709,37.4662
66710,37.4823
66711,37.498
66712,37.5136
66713,37.5273
66714,37.542
66715,37.557
66716,37.5719
66717,37.587
66718,37.6
66719,37.614
66720,37.6283
66721,37.6421
66722,37.6555
66723,37.6672
66724,37.6799
66725,37.6933
66726,37.7064
66727,37.7188
66728,37.7322
66729,37.7451
66730,37.7573
66731,37.7698
66732,37.782
66733,37.7935
66734,37.8055
66735,37.8179
66736,37.829
66737,37.8402
66738,37.8519
66739,37.8629
66740,37.8733
66741,37.8847
66742,37.8961
66743,37.9067
66744,37.9167
66745,37.9269
66746,37.937
66747,37.9471
66748,37.9567
66749,37.9658
66750,37.9758
66751,37.9847
66752,37.9944
66753,38.0032
66754,38.0134
66755,38.0223
66756,38.032
66757,38.0409
66758,38.0497
66759,38.0587
66760,38.0673
66761,38.076
66762,38.0848
66763,38.0929
66764,38.1012
66765,38.1095
66766,38.1175
66767,38.1257
66768,38.1335
66769,38.1417
66770,38.1495
66771,38.1572
66772,38.1647
66773,38.1719
66774,38.1793
66775,38.1867
66776,38.1939
66777,38.2007
66778,38.2079
66779,38.2153
66780,38.2223
66781,38.2293
66782,38.2362
66783,38.243
66784,38.2496
66785,38.2562
66786,38.2627
66787,38.2693
66788,38.2756
66789,38.2816
66790,38.2878
66791,38.2941
66792,38.3
66793,38.3065
66794,38.3124
66795,38.3189
66796,38.3246
66797,38.3302
66798,38.3367
66799,38.342
66800,38.3477
66801,38.3535
66802,38.3589
66803,38.3646
66804,38.3699
66805,38.3752
66806,38.3807
66807,38.3855
66808,38.3898
66809,38.3954
66810,38.4003
66811,38.4049
66812,38.4101
66813,38.4151
66814,38.4197
66815,38.4245
66816,38.4448
66817,38.4643
66818,38.4841
66819,38.5036
66820,38.5231
66821,38.542
66822,38.5607
66823,38.5791
66824,38.5975
66825,38.6155
66826,38.6329
66827,38.6509
66828,38.6683
66829,38.6857
66830,38.7027
66831,38.7188
66832,38.7336
66833,38.7495
66834,38.7656
66835,38.7814
66836,38.7965
66837,38.8117
66838,38.8273
66839,38.8421
66840,38.8574
66841,38.872
66842,38.8881
66843,38.9027
66844,38.9166
66845,38.9302
66846,38.9444
66847,38.9582
66848,38.9718
66849,38.9855
66850,38.9977
66851,39.0099
66852,39.0224
66853,39.035
66854,39.0471
66855,39.0611
66856,39.0733
66857,39.0855
66858,39.0968
66859,39.1082
66860,39.1204
66861,39.1318
66862,39.1429
66863,39.1541
66864,39.1655
66865,39.1765
66866,39.1867
66867,39.197
66868,39.2081
66869,39.219
66870,39.2292
66871,39.2393
66872,39.2495
66873,39.2593
66874,39.2697
66875,39.2796
66876,39.2891
66877,39.2987
66878,39.3083
66879,39.3175
66880,39.3266
66881,39.3354
66882,39.3441
66883,39.3527
66884,39.3614
66885,39.3701
66886,39.3788
66887,39.3873
66888,39.3956
66889,39.4035
66890,39.4116
66891,39.4195
66892,39.4273
66893,39.4349
66894,39.4424
66895,39.4498
66896,39.4576
66897,39.4649
66898,39.4723
66899,39.4793
66900,39.4864
66901,39.4939
66902,39.5009
66903,39.5079
66904,39.5145
66905,39.5213
66906,39.5285
66907,39.5353
66908,39.542
66909,39.5484
66910,39.5555
66911,39.5619
66912,39.5682
66913,39.5745
66914,39.5807
66915,39.5876
66916,39.5931
66917,39.5988
66918,39.6049
66919,39.6107
66920,39.6164
66921,39.6213
66922,39.6264
66923,39.632
66924,39.6376
66925,39.6426
66926,39.6486
66927,39.6547
66928,39.6596
66929,39.6652
66930,39.6706
66931,39.6755
66932,39.6807
66933,39.6861
66934,39.6908
66935,39.6955
66936,39.7007
66937,39.7057
66938,39.7098
66939,39.7145
66940,39.7202
66941,39.7251
66942,39.7297
66943,39.7346
66944,39.7539
66945,39.7731
66946,39.7919
66947,39.8101
66948,39.8284
66949,39.8462
66950,39.8638
66951,39.8809
66952,39.9002
66953,39.9181
66954,39.9349
66955,39.9514
66956,39.9678
66957,39.9859
66958,40.0031
66959,40.0187
66960,40.0344
66961,40.0503
66962,40.0654
66963,40.0803
66964,40.0953
66965,40.1096
66966,40.1245
66967,40.1392
66968,40.1534
66969,40.1673
66970,40.1805
66971,40.1938
66972,40.2072
66973,40.2205
66974,40.2339
66975,40.2477
66976,40.2603
66977,40.2731
66978,40.2853
66979,40.2979
66980,40.3106
66981,40.3226
66982,40.3343
66983,40.346
66984,40.3581
66985,40.3695
66986,40.3806
66987,40.3913
66988,40.4029
66989,40.4141
66990,40.4246
66991,40.4331
66992,40.4436
66993,40.4536
66994,40.4646
66995,40.4749
66996,40.4853
66997,40.4952
66998,40.505
66999,40.515
67000,40.5247
67001,40.5342
67002,40.5435
67003,40.5525
67004,40.5615
67005,40.5705
67006,40.5795
67007,40.5887
67008,40.5974
67009,40.6058
67010,40.6142
67011,40.6225
67012,40.6306
67013,40.6389
67014,40.6469
67015,40.6551
67016,40.6628
67017,40.6705
67018,40.6782
67019,40.6861
67020,40.6939
67021,40.7013
67022,40.7091
67023,40.7166
67024,40.7237
67025,40.7306
67026,40.738
67027,40.7451
67028,40.7518
67029,40.759
67030,40.766
67031,40.772
67032,40.7779
67033,40.7848
67034,40.7915
67035,40.7982
67036,40.8029
67037,40.8086
67038,40.8153
67039,40.8215
67040,40.8275
67041,40.8326
67042,40.8384
67043,40.8444
67044,40.8506
67045,40.8557
67046,40.862
67047,40.8686
67048,40.8737
67049,40.8795
67050,40.8849
67051,40.8899
67052,40.8953
67053,40.9012
67054,40.9059
67055,40.9105
67056,40.9162
67057,40.9215
67058,40.926
67059,40.9307
67060,40.9362
67061,40.9413
67062,40.9463
67063,40.9511
67064,40.9556
67065,40.9605
67066,40.9651
67067,40.9698
67068,40.9747
67069,40.9787
67070,40.9834
67071,40.9876
67072,41.0062
67073,41.0249
67074,41.0435
67075,41.0613
67076,41.0794
67077,41.0968
67078,41.1163
67079,41.1341
67080,41.1512
67081,41.1679
67082,41.1849
67083,41.2008
67084,41.2172
67085,41.2329
67086,41.2477
67087,41.2635
67088,41.2791
67089,41.2943
67090,41.3089
67091,41.3251
67092,41.3401
67093,41.3546
67094,41.3685
67095,41.3829
67096,41.3966
67097,41.41
67098,41.4237
67099,41.4379
67100,41.4518
67101,41.4645
67102,41.4771
67103,41.4899
67104,41.5025
67105,41.5148
67106,41.5274
67107,41.5387
67108,41.5513
67109,41.565
67110,41.5766
67111,41.5883
67112,41.5998
67113,41.6112
67114,41.622
67115,41.633
67116,41.6442
67117,41.6548
67118,41.665
67119,41.6755
67120,41.6857
67121,41.6955
67122,41.7055
67123,41.7157
67124,41.7257
67125,41.7351
67126,41.7448
67127,41.7543
67128,41.7638
67129,41.7729
67130,41.7819
67131,41.7909
67132,41.7999
67133,41.8085
67134,41.8172
67135,41.8258
67136,41.8344
67137,41.8428
67138,41.8513
67139,41.8595
67140,41.8676
67141,41.8755
67142,41.8834
67143,41.8911
67144,41.8986
67145,41.906
67146,41.9142
67147,41.9214
67148,41.9286
67149,41.9364
67150,41.9437
67151,41.9506
67152,41.9579
67153,41.9649
67154,41.9719
67155,41.9771
67156,41.983
67157,41.9896
67158,41.9959
67159,42.0022
67160,42.0093
67161,42.016
67162,42.0216
67163,42.0276
67164,42.0345
67165,42.0405
67166,42.0465
67167,42.0523
67168,42.0571
67169,42.0625
67170,42.0685
67171,42.0739
67172,42.0794
67173,42.0856
67174,42.0912
67175,42.0969
67176,42.1024
67177,42.1073
67178,42.1125
67179,42.1175
67180,42.1227
67181,42.1296
67182,42.1351
67183,42.1402
67184,42.145
67185,42.1498
67186,42.1546
67187,42.1595
67188,42.1644
67189,42.1694
67190,42.1736
67191,42.1766
67192,42.182
67193,42.1864
67194,42.191
67195,42.1953
67196,42.1997
67197,42.2042
67198,42.2087
67199,42.2131
67200,42.2306
67201,42.2484
67202,42.2651
67203,42.2817
67204,42.2989
67205,42.3153
67206,42.3314
67207,42.3485
67208,42.3648
67209,42.3804
67210,42.396
67211,42.4117
67212,42.4271
67213,42.4419
67214,42.4563
67215,42.4699
67216,42.4844
67217,42.498
67218,42.5125
67219,42.5268
67220,42.5403
67221,42.5544
67222,42.5673
67223,42.5808
67224,42.5933
67225,42.604
67226,42.617
67227,42.63
67228,42.6428
67229,42.6553
67230,42.6676
67231,42.6798
67232,42.6915
67233,42.7032
67234,42.715
67235,42.7263
67236,42.7375
67237,42.7485
67238,42.7595
67239,42.7705
67240,42.7812
67241,42.7918
67242,42.8022
67243,42.8125
67244,42.8227
67245,42.833
67246,42.8429
67247,42.8525
67248,42.8618
67249,42.8716
67250,42.881
67251,42.8903
67252,42.8996
67253,42.9092
67254,42.9183
67255,42.927
67256,42.9357
67257,42.9444
67258,42.9533
67259,42.9616
67260,42.9705
67261,42.9788
67262,42.9874
67263,42.9948
67264,43.0023
67265,43.0105
67266,43.0185
67267,43.0265
67268,43.0328
67269,43.0399
67270,43.0476
67271,43.0556
67272,43.0625
67273,43.0699
67274,43.0773
67275,43.0838
67276,43.0912
67277,43.0984
67278,43.1058
67279,43.113
67280,43.1197
67281,43.1263
67282,43.1332
67283,43.1395
67284,43.1457
67285,43.1517
67286,43.1572
67287,43.1634
67288,43.1691
67289,43.175
67290,43.1806
67291,43.1862
67292,43.1919
67293,43.1979
67294,43.2033
67295,43.2088
67296,43.2142
67297,43.2199
67298,43.2252
67299,43.2309
67300,43.2365
67301,43.2418
67302,43.247
67303,43.2522
67304,43.2586
67305,43.2632
67306,43.2686
67307,43.2736
67308,43.2787
67309,43.2835
67310,43.2887
67311,43.2933
67312,43.2977
67313,43.3023
67314,43.3072
67315,43.312
67316,43.3165
67317,43.321
67318,43.3254
67319,43.3295
67320,43.3338
67321,43.338
67322,43.3424
67323,43.3467
67324,43.3509
67325,43.3551
67326,43.3595
67327,43.3636
67328,43.3804
67329,43.3966
67330,43.4128
67331,43.4299
67332,43.4458
67333,43.4613
67334,43.4771
67335,43.4923
67336,43.5075
67337,43.5222
67338,43.5365
67339,43.5504
67340,43.565
67341,43.5788
67342,43.5928
67343,43.6059
67344,43.6174
67345,43.6309
67346,43.6437
67347,43.6574
67348,43.6706
67349,43.6836
67350,43.6963
67351,43.7086
67352,43.7208
67353,43.7334
67354,43.7457
67355,43.7576
67356,43.7693
67357,43.7809
67358,43.7922
67359,43.8036
67360,43.815
67361,43.8261
67362,43.837
67363,43.8476
67364,43.8583
67365,43.8687
67366,43.8786
67367,43.8887
67368,43.8989
67369,43.9091
67370,43.9191
67371,43.9288
67372,43.9383
67373,43.9473
67374,43.9567
67375,43.9663
67376,43.9754
67377,43.9845
67378,43.9933
67379,44.002
67380,44.0107
67381,44.0193
67382,44.0276
67383,44.0362
67384,44.0442
67385,44.0524
67386,44.0609
67387,44.0686
67388,44.0766
67389,44.0843
67390,44.0918
67391,44.0999
67392,44.1069
67393,44.114
67394,44.1217
67395,44.1294
67396,44.1365
67397,44.1432
67398,44.1497
67399,44.1564
67400,44.1635
67401,44.1701
67402,44.1769
67403,44.1835
67404,44.1904
67405,44.1969
67406,44.2037
67407,44.2101
67408,44.2166
67409,44.2222
67410,44.228
67411,44.2345
67412,44.2407
67413,44.2466
67414,44.2523
67415,44.2581
67416,44.2637
67417,44.2691
67418,44.2735
67419,44.2795
67420,44.2844
67421,44.2901
67422,44.2955
67423,44.302
67424,44.3073
67425,44.3129
67426,44.3181
67427,44.3237
67428,44.3291
67429,44.3338
67430,44.3376
67431,44.3428
67432,44.3477
67433,44.3524
67434,44.3573
67435,44.3619
67436,44.3665
67437,44.3713
67438,44.3759
67439,44.3805
67440,44.3849
67441,44.3891
67442,44.3931
67443,44.3977
67444,44.4022
67445,44.4066
67446,44.4107
67447,44.4148
67448,44.4191
67449,44.4232
67450,44.4274
67451,44.4315
67452,44.4352
67453,44.4389
67454,44.4425
67455,44.4461
67456,44.4623
67457,44.4778
67458,44.4932
67459,44.5086
67460,44.5232
67461,44.5378
67462,44.5521
67463,44.5676
67464,44.5812
67465,44.5957
67466,44.6101
67467,44.6239
67468,44.6372
67469,44.6507
67470,44.6642
67471,44.6773
67472,44.69
67473,44.7025
67474,44.7148
67475,44.7271
67476,44.7392
67477,44.7512
67478,44.7626
67479,44.7742
67480,44.7856
67481,44.7972
67482,44.8085
67483,44.8198
67484,44.8307
67485,44.8412
67486,44.8521
67487,44.8627
67488,44.873
67489,44.8833
67490,44.8937
67491,44.9043
67492,44.9143
67493,44.924
67494,44.9337
67495,44.9435
67496,44.953
67497,44.9621
67498,44.9715
67499,44.9805
67500,44.9898
67501,44.999
67502,45.0076
67503,45.0171
67504,45.0258
67505,45.0346
67506,45.0434
67507,45.0512
67508,45.0599
67509,45.0683
67510,45.0761
67511,45.0845
67512,45.0918
67513,45.0996
67514,45.1079
67515,45.1151
67516,45.1223
67517,45.1296
67518,45.1371
67519,45.1439
67520,45.1506
67521,45.1573
67522,45.1638
67523,45.1706
67524,45.1773
67525,45.1837
67526,45.1905
67527,45.1974
67528,45.2036
67529,45.2096
67530,45.216
67531,45.2222
67532,45.228
67533,45.2338
67534,45.2402
67535,45.2463
67536,45.2517
67537,45.2579
67538,45.2638
67539,45.2694
67540,45.2753
67541,45.2802
67542,45.2859
67543,45.2911
67544,45.2971
67545,45.3022
67546,45.3075
67547,45.3129
67548,45.3178
67549,45.3228
67550,45.3276
67551,45.3331
67552,45.3381
67553,45.3425
67554,45.3474
67555,45.3518
67556,45.3565
67557,45.361
67558,45.3654
67559,45.3702
67560,45.3747
67561,45.3792
67562,45.3835
67563,45.3882
67564,45.393
67565,45.3975
67566,45.4017
67567,45.4062
67568,45.4104
67569,45.4143
67570,45.4182
67571,45.4222
67572,45.4264
67573,45.4303
67574,45.434
67575,45.4379
67576,45.4415
67577,45.4452
67578,45.449
67579,45.4528
67580,45.4567
67581,45.4625
67582,45.4669
67583,45.4697
67584,45.4845
67585,45.4994
67586,45.5139
67587,45.5286
67588,45.5428
67589,45.5567
67590,45.5703
67591,45.5844
67592,45.5984
67593,45.612
67594,45.625
67595,45.6381
67596,45.651
67597,45.664
67598,45.6772
67599,45.6896
67600,45.702
67601,45.7143
67602,45.7262
67603,45.7377
67604,45.7492
67605,45.7605
67606,45.7719
67607,45.7829
67608,45.794
67609,45.8051
67610,45.8161
67611,45.8268
67612,45.8369
67613,45.8473
67614,45.8579
67615,45.8663
67616,45.8757
67617,45.8858
67618,45.8957
67619,45.9055
67620,45.9138
67621,45.9228
67622,45.9323
67623,45.942
67624,45.951
67625,45.9594
67626,45.9677
67627,45.9766
67628,45.9856
67629,45.9938
67630,46.0024
67631,46.0111
67632,46.019
67633,46.0272
67634,46.0355
67635,46.0428
67636,46.0505
67637,46.0586
67638,46.0659
67639,46.073
67640,46.0807
67641,46.0884
67642,46.0955
67643,46.1028
67644,46.1103
67645,46.1176
67646,46.1244
67647,46.131
67648,46.1379
67649,46.1447
67650,46.151
67651,46.1562
67652,46.163
67653,46.169
67654,46.1755
67655,46.1816
67656,46.1886
67657,46.1943
67658,46.2011
67659,46.2076
67660,46.2134
67661,46.219
67662,46.2244
67663,46.2303
67664,46.236
67665,46.2419
67666,46.2472
67667,46.2526
67668,46.2579
67669,46.2635
67670,46.2688
67671,46.2737
67672,46.279
67673,46.2843
67674,46.2893
67675,46.2942
67676,46.299
67677,46.3039
67678,46.3086
67679,46.3136
67680,46.3179
67681,46.3223
67682,46.3268
67683,46.3318
67684,46.3366
67685,46.3412
67686,46.3461
67687,46.3507
67688,46.355
67689,46.3593
67690,46.3634
67691,46.3675
67692,46.3716
67693,46.3756
67694,46.3796
67695,46.3839
67696,46.3881
67697,46.3927
67698,46.3962
67699,46.4006
67700,46.4046
67701,46.4085
67702,46.4125
67703,46.416
67704,46.4202
67705,46.4237
67706,46.427
67707,46.4312
67708,46.4342
67709,46.4377
67710,46.4418
67711,46.4451
67712,46.4588
67713,46.4728
67714,46.4864
67715,46.4996
67716,46.5127
67717,46.5259
67718,46.5387
67719,46.5515
67720,46.5638
67721,46.5758
67722,46.588
67723,46.6
67724,46.6118
67725,46.6233
67726,46.6349
67727,46.6462
67728,46.6573
67729,46.6684
67730,46.6795
67731,46.6899
67732,46.7015
67733,46.7115
67734,46.722
67735,46.733
67736,46.7434
67737,46.7539
67738,46.7636
67739,46.7736
67740,46.7839
67741,46.7933
67742,46.8029
67743,46.8128
67744,46.8217
67745,46.8306
67746,46.8398
67747,46.8487
67748,46.8575
67749,46.8657
67750,46.8741
67751,46.882
67752,46.891
67753,46.8994
67754,46.9075
67755,46.9154
67756,46.9238
67757,46.9316
67758,46.9392
67759,46.9472
67760,46.9547
67761,46.9617
67762,46.969
67763,46.9769
67764,46.9841
67765,46.9909
67766,46.9976
67767,47.0043
67768,47.0111
67769,47.0174
67770,47.0261
67771,47.0335
67772,47.0398
67773,47.0464
67774,47.0528
67775,47.0604
67776,47.0662
67777,47.0726
67778,47.0787
67779,47.0839
67780,47.0899
67781,47.0956
67782,47.1009
67783,47.1063
67784,47.1115
67785,47.117
67786,47.1225
67787,47.1281
67788,47.1336
67789,47.1389
67790,47.1443
67791,47.1493
67792,47.1547
67793,47.1597
67794,47.1647
67795,47.1694
67796,47.1742
67797,47.1793
67798,47.1837
67799,47.1885
67800,47.1934
67801,47.1979
67802,47.2025
67803,47.2073
67804,47.212
67805,47.2161
67806,47.2206
67807,47.225
67808,47.2292
67809,47.2334
67810,47.2378
67811,47.2422
67812,47.2465
67813,47.2506
67814,47.2552
67815,47.259
67816,47.2635
67817,47.2669
67818,47.2709
67819,47.2751
67820,47.2788
67821,47.2828
67822,47.2866
67823,47.2897
67824,47.2939
67825,47.2971
67826,47.3004
67827,47.3038
67828,47.3066
67829,47.3096
67830,47.3135
67831,47.3169
67832,47.3204
67833,47.323
67834,47.3263
67835,47.329
67836,47.3321
67837,47.336
67838,47.339
67839,47.3421
67840,47.3548
67841,47.3674
67842,47.3801
67843,47.3922
67844,47.4041
67845,47.4161
67846,47.4276
67847,47.4393
67848,47.4509
67849,47.4622
67850,47.4735
67851,47.4849
67852,47.4954
67853,47.5058
67854,47.5168
67855,47.5275
67856,47.5379
67857,47.5468
67858,47.5566
67859,47.5669
67860,47.5768
67861,47.5862
67862,47.5955
67863,47.6053
67864,47.6142
67865,47.6238
67866,47.6334
67867,47.6425
67868,47.652
67869,47.661
67870,47.6697
67871,47.678
67872,47.6868
67873,47.6956
67874,47.7034
67875,47.712
67876,47.7202
67877,47.7277
67878,47.7353
67879,47.7434
67880,47.7511
67881,47.7588
67882,47.7663
67883,47.7738
67884,47.7814
67885,47.7886
67886,47.7958
67887,47.8033
67888,47.8102
67889,47.8173
67890,47.8248
67891,47.8309
67892,47.8383
67893,47.8461
67894,47.8531
67895,47.8596
67896,47.8655
67897,47.872
67898,47.8782
67899,47.8841
67900,47.8901
67901,47.8961
67902,47.9021
67903,47.9078
67904,47.9133
67905,47.9187
67906,47.9243
67907,47.9299
67908,47.9355
67909,47.941
67910,47.9467
67911,47.9522
67912,47.9572
67913,47.9626
67914,47.968
67915,47.973
67916,47.9782
67917,47.9831
67918,47.9878
67919,47.9924
67920,47.9971
67921,48.0015
67922,48.0064
67923,48.0111
67924,48.0153
67925,48.0201
67926,48.0245
67927,48.0288
67928,48.0331
67929,48.0373
67930,48.0415
67931,48.0445
67932,48.0483
67933,48.052
67934,48.0562
67935,48.0599
67936,48.0642
67937,48.0681
67938,48.0717
67939,48.0754
67940,48.0792
67941,48.0853
67942,48.0899
67943,48.0935
67944,48.0971
67945,48.1012
67946,48.1046
67947,48.1085
67948,48.1124
67949,48.1152
67950,48.1185
67951,48.1224
67952,48.1257
67953,48.1286
67954,48.1323
67955,48.1359
67956,48.1392
67957,48.1424
67958,48.1462
67959,48.1492
67960,48.152
67961,48.1551
67962,48.1562
67963,48.1592
67964,48.162
67965,48.1653
67966,48.1687
67967,48.1715
67968,48.1831
67969,48.1938
67970,48.2046
67971,48.2159
67972,48.2273
67973,48.238
67974,48.2485
67975,48.259
67976,48.2697
67977,48.2802
67978,48.2906
67979,48.3015
67980,48.3122
67981,48.322
67982,48.3318
67983,48.3423
67984,48.3518
67985,48.3613
67986,48.371
67987,48.3794
67988,48.3877
67989,48.3969
67990,48.4061
67991,48.4152
67992,48.4245
67993,48.433
67994,48.4414
67995,48.4497
67996,48.4581
67997,48.4665
67998,48.4748
67999,48.4823
68000,48.4913
68001,48.4997
68002,48.5072
68003,48.515
68004,48.5229
68005,48.5306
68006,48.5385
68007,48.5451
68008,48.5523
68009,48.5595
68010,48.5658
68011,48.573
68012,48.5799
68013,48.5864
68014,48.5929
68015,48.5993
68016,48.6059
68017,48.6122
68018,48.6186
68019,48.6249
68020,48.6313
68021,48.6374
68022,48.6433
68023,48.6491
68024,48.6549
68025,48.6608
68026,48.6664
68027,48.672
68028,48.6773
68029,48.6828
68030,48.6883
68031,48.6937
68032,48.699
68033,48.7041
68034,48.7093
68035,48.7145
68036,48.7195
68037,48.7246
68038,48.7291
68039,48.734
68040,48.7389
68041,48.7437
68042,48.7486
68043,48.7527
68044,48.7581
68045,48.7622
68046,48.7669
68047,48.7715
68048,48.7778
68049,48.7829
68050,48.7868
68051,48.7911
68052,48.7955
68053,48.8007
68054,48.805
68055,48.8088
68056,48.8127
68057,48.8173
68058,48.8212
68059,48.8248
68060,48.8286
68061,48.8308
68062,48.8342
68063,48.8379
68064,48.8418
68065,48.8457
68066,48.8514
68067,48.8552
68068,48.8583
68069,48.8612
68070,48.865
68071,48.8686
68072,48.8721
68073,48.8751
68074,48.8777
68075,48.8817
68076,48.8851
68077,48.8881
68078,48.8914
68079,48.8948
68080,48.898
68081,48.9005
68082,48.9028
68083,48.9059
68084,48.9088
68085,48.9117
68086,48.914
68087,48.9142
68088,48.9167
68089,48.9194
68090,48.9229
68091,48.9256
68092,48.928
68093,48.9306
68094,48.9333
68095,48.936
68096,48.9474
68097,48.9589
68098,48.9688
68099,48.9792
68100,48.9899
68101,49.0002
68102,49.0101
68103,49.0204
68104,49.0296
68105,49.0389
68106,49.0485
68107,49.058
68108,49.0672
68109,49.0759
68110,49.0854
68111,49.0943
68112,49.1032
68113,49.1121
68114,49.1207
68115,49.1294
68116,49.1373
68117,49.1452
68118,49.1536
68119,49.1614
68120,49.1693
68121,49.1767
68122,49.183
68123,49.1907
68124,49.198
68125,49.2057
68126,49.2132
68127,49.2207
68128,49.228
68129,49.2346
68130,49.2419
68131,49.2491
68132,49.2561
68133,49.263
68134,49.2694
68135,49.2761
68136,49.2827
68137,49.2892
68138,49.2955
68139,49.3018
68140,49.3079
68141,49.3139
68142,49.3201
68143,49.3261
68144,49.3321
68145,49.3379
68146,49.3436
68147,49.3493
68148,49.3548
68149,49.3602
68150,49.3656
68151,49.3711
68152,49.3764
68153,49.3815
68154,49.3867
68155,49.3919
68156,49.3966
68157,49.4015
68158,49.4063
68159,49.4116
68160,49.4162
68161,49.4215
68162,49.4258
68163,49.4307
68164,49.4355
68165,49.4398
68166,49.4445
68167,49.449
68168,49.4538
68169,49.4587
68170,49.4623
68171,49.466
68172,49.4705
68173,49.4746
68174,49.4786
68175,49.4807
68176,49.4845
68177,49.4881
68178,49.4921
68179,49.4961
68180,49.5013
68181,49.5051
68182,49.509
68183,49.5123
68184,49.5161
68185,49.52
68186,49.5236
68187,49.5268
68188,49.53
68189,49.5338
68190,49.537
68191,49.5406
68192,49.5442
68193,49.5476
68194,49.5508
68195,49.554
68196,49.555
68197,49.5581
68198,49.5608
68199,49.5638
68200,49.5663
68201,49.5685
68202,49.5707
68203,49.574
68204,49.5772
68205,49.5798
68206,49.5826
68207,49.5857
68208,49.5885
68209,49.5916
68210,49.5939
68211,49.5966
68212,49.5997
68213,49.6026
68214,49.6051
68215,49.6078
68216,49.6103
68217,49.6126
68218,49.6153
68219,49.6179
68220,49.6205
68221,49.6231
68222,49.6262
68223,49.6288
68224,49.6389
68225,49.6485
68226,49.6579
68227,49.6675
68228,49.6768
68229,49.6861
68230,49.6951
68231,49.7041
68232,49.7134
68233,49.7213
68234,49.7296
68235,49.7385
68236,49.747
68237,49.7553
68238,49.7635
68239,49.7723
68240,49.7806
68241,49.7889
68242,49.7972
68243,49.8053
68244,49.8131
68245,49.8205
68246,49.8283
68247,49.8356
68248,49.843
68249,49.8507
68250,49.858
68251,49.8652
68252,49.8725
68253,49.8794
68254,49.8861
68255,49.8931
68256,49.8998
68257,49.9067
68258,49.9133
68259,49.9199
68260,49.9262
68261,49.9323
68262,49.9386
68263,49.9445
68264,49.9504
68265,49.9564
68266,49.9626
68267,49.9684
68268,49.9746
68269,49.9804
68270,49.9862
68271,49.9919
68272,49.9974
68273,50.0028
68274,50.008
68275,50.0133
68276,50.0192
68277,50.0245
68278,50.0298
68279,50.0353
68280,50.0403
68281,50.0457
68282,50.0504
68283,50.0549
68284,50.06
68285,50.0645
68286,50.0694
68287,50.0742
68288,50.0783
68289,50.0836
68290,50.0879
68291,50.0923
68292,50.0969
68293,50.101
68294,50.1047
68295,50.1092
68296,50.1132
68297,50.1172
68298,50.1205
68299,50.1248
68300,50.1286
68301,50.1323
68302,50.1369
68303,50.1406
68304,50.1445
68305,50.1483
68306,50.1511
68307,50.1549
68308,50.1585
68309,50.162
68310,50.1658
68311,50.1716
68312,50.1756
68313,50.1788
68314,50.182
68315,50.1852
68316,50.1884
68317,50.1917
68318,50.1956
68319,50.1987
68320,50.202
68321,50.2052
68322,50.2076
68323,50.2109
68324,50.2137
68325,50.2165
68326,50.2196
68327,50.2225
68328,50.2253
68329,50.2279
68330,50.2305
68331,50.2331
68332,50.2359
68333,50.2385
68334,50.241
68335,50.2438
68336,50.2464
68337,50.2485
68338,50.2511
68339,50.254
68340,50.2566
68341,50.259
68342,50.2614
68343,50.2641
68344,50.2668
68345,50.2693
68346,50.2716
68347,50.2737
68348,50.2762
68349,50.2787
68350,50.281
68351,50.2832
